,0,1,2,3,4,5,6,7,8,klasa
0,3.7278904003030604,3.7278904003030604,-3.489029068785937,-3.489029068785937,-4.374913053926012,-1.6972607070636212,-3.3403395673090372,,-2.2026185422529947,1
1,1.3056386630597803,,-1.3376783676404536,-1.3376783676404536,-4.267004145849732,-2.029217883159122,-2.454895193013153,4.668915635250161,-3.8208306591066075,1
2,0.08047323310730015,0.08047323310730015,-0.021092659121087376,,0.08702570974656842,0.2948301214726629,2.697349605804539,-3.0034919376284543,-0.8871411472025938,0
3,1.421828752623009,1.421828752623009,2.0007740282519384,2.0007740282519384,1.4756457875518847,-0.4228320936522473,2.267900657172314,0.991944568353941,-2.6103565250061114,0
4,-4.654744322084092,-4.654744322084092,-5.389262847808222,-5.389262847808222,-5.805719882110054,-0.02501989458647031,-4.958818960605544,3.6087143612047994,3.7165223153193443,5
5,3.4638439859778543,3.4638439859778543,2.3032726088576636,2.3032726088576636,3.8791411939115643,0.5202620559272629,3.5681038742138886,,-2.162890045560185,0
6,5.682350024129011,5.682350024129011,-0.47225358427122055,-0.47225358427122055,4.0128028139567355,1.3431192584441192,-4.930675048058442,-3.1642332350227353,5.0307343288227315,4
7,-4.617482637373747,-4.617482637373747,-4.991973603026242,-4.991973603026242,-5.6883388456703745,-0.5265257413440417,-4.823916670441212,2.932311550922955,3.450165062431155,5
8,2.511926561245772,2.511926561245772,3.8273738642847097,3.8273738642847097,6.186502052865497,-0.09237368439666423,-2.5427001855810056,-2.8093095915035833,3.5738322942142635,4
9,3.5146608930789807,3.5146608930789807,5.319363524582841,5.319363524582841,6.36339893931556,,-1.9423517849715837,-5.49924344372398,1.7249430285030927,4
10,-3.8482813867450316,-3.8482813867450316,-2.2945685636755924,-2.2945685636755924,-7.261754581053361,-0.6630358841797502,-3.018079654958614,3.3614768727389053,-2.7570455216752183,3
11,2.9226390910409195,2.9226390910409195,2.1546000258616136,2.1546000258616136,1.9232166568835294,0.1469740112394521,,2.5557113561937577,-3.1798846348278706,0
12,-5.012241112944158,,1.7554039322877724,1.7554039322877724,-5.629906436362751,-2.2128439833687996,-5.338829504465233,3.308191440348133,-3.1694670677073846,2
13,-4.502223554611776,-4.502223554611776,-4.631372699659689,,-5.780614005119062,0.5538886883197168,-3.6718445710500975,0.9700855460121844,2.591107883215794,5
14,3.0602841654076016,3.0602841654076016,4.810294284344839,4.810294284344839,,-0.6780826241595364,-1.1435106063386729,-4.626236251093653,2.4324688975052458,4
15,-3.839365921823136,-3.839365921823136,0.30191240545862597,0.30191240545862597,-5.945975893040709,0.4799805549921869,-6.671241181528892,3.431707123910098,-2.000510180221188,2
16,2.136541987938714,2.136541987938714,3.9576864179071234,3.9576864179071234,6.163317788110069,-0.6217088312513264,-2.5528701305158683,-2.464803124633128,3.5804657103702144,4
17,2.2540040429048203,2.2540040429048203,1.4672368394929602,1.4672368394929602,1.309752109532162,0.3742844162073619,-2.1533960027924675,-2.244403742618773,0.1816720561582379,4
18,-3.726231561571066,-3.726231561571066,-3.5370108086166354,-3.5370108086166354,-4.041783650811157,0.8206381747760959,-5.65562300830413,-0.26260829885233594,4.291997299494275,5
19,-4.137959134267529,-4.137959134267529,2.21131629395783,2.21131629395783,-3.8313948425989865,1.4282623336280584,-2.4807440604291084,-0.4132489521046163,-2.9871479893129416,2
20,2.9028181739682677,2.9028181739682677,1.8323855882275248,1.8323855882275248,,-0.024208126762154187,-3.7387862705801593,-1.735438070382275,4.12052143529707,4
21,-2.8595232474764805,-2.8595232474764805,-2.6394626111199915,-2.6394626111199915,-1.9936979524346743,0.681138499275955,,2.4211668363838115,4.101408514833278,5
22,3.1601659711883747,3.1601659711883747,3.566484783973027,3.566484783973027,6.064565735005539,0.8269135654262749,-2.2132829527875213,-3.593566436405912,3.272354316715998,4
23,-3.2185928818514182,-3.2185928818514182,3.3504825441187402,3.3504825441187402,-2.145586489559468,-0.4184538441259194,-3.205786484279443,4.083040898722083,-3.0987438528299314,2
24,1.9912622813862006,1.9912622813862006,-0.6799452203507248,-0.6799452203507248,-1.9686724556176707,-0.2596569854099899,-3.5397849260977123,5.111940077273989,-1.7054666482466772,1
25,-4.204275361241495,-4.204275361241495,-1.7004015817843492,-1.7004015817843492,-8.784713512902517,-0.16651131412297535,-4.929406676609129,3.817048994839103,-4.009823471639572,3
26,4.453640985257412,4.453640985257412,3.178661281237102,3.178661281237102,4.967894728825097,0.1628888457692233,3.464746943866572,2.2521387412731677,-2.397656333363015,0
27,-4.1425712957772864,-4.1425712957772864,-2.8611906697287797,-2.8611906697287797,-7.072903301142949,-0.8105417357727814,-2.8994931544613425,2.8507117837601816,-1.7410296744131735,3
28,3.9851082523639008,3.9851082523639008,2.3151579214128537,2.3151579214128537,5.3531510522662185,0.06963797872475538,-3.979337770885556,-3.21584827308675,4.160992881678258,4
29,-4.426937892467334,-4.426937892467334,3.086477838469845,3.086477838469845,-2.566610750614615,-0.6627045655786024,-3.245270508900036,2.509800199698199,-2.3190624916568168,2
30,-2.169665035831132,-2.169665035831132,-3.195078786468538,-3.195078786468538,-6.275707796410748,-0.013785014758394918,-0.12382468477731967,1.6591505687457395,-2.9231961859891635,3
31,-1.4885276343894074,-1.4885276343894074,-4.296171331175044,-4.296171331175044,-7.259417543639951,0.08128684910894254,-1.4582271648711498,2.258962606310216,-2.698034178700369,3
32,-2.1214506234452646,-2.1214506234452646,-1.4026428174702474,-1.4026428174702474,-1.0010742061816298,-1.4573485453503718,-2.754689264708411,-0.05771903030966685,3.0609243764600236,5
33,-1.5186605583276305,-1.5186605583276305,,-5.26231955573877,-7.799040904797726,-0.019769041195721624,-2.7534714574155026,2.6660681855339674,-1.6605541322250572,3
34,2.73108654319481,2.73108654319481,-2.1537663102006492,-2.1537663102006492,-2.2817504922309944,1.2696762332533693,-4.2118267246066186,,-0.29036836329996696,1
35,-0.14772238524233527,-0.14772238524233527,5.481242116167953,5.481242116167953,4.471659649712986,0.09663473698510236,3.976374447062007,2.2580500185706054,-2.964990629022289,0
36,-2.0449024320264346,-2.0449024320264346,-4.490367654429552,-4.490367654429552,-8.232062779296516,-0.9408515673903198,-3.0536979396585497,3.1057087864966215,-2.5846636904783757,3
37,-1.1105045258128567,-1.1105045258128567,2.8469696556548434,2.8469696556548434,-3.0572080122253196,1.4079638852878498,-2.3891250862409112,4.7810862204477305,-5.4448303773766185,2
38,-2.4579461932972673,-2.4579461932972673,-2.6225471798716264,-2.6225471798716264,-1.5688654139685507,0.7217686006778763,-2.165640268718012,4.92467846430001,2.7491587994239026,5
39,4.372391411468323,4.372391411468323,1.6018906338082153,1.6018906338082153,5.256808646638427,-1.4095418367650225,-4.803110952067496,-2.887533397933442,4.963382100827372,4
40,3.749937972839128,3.749937972839128,5.024946512295907,5.024946512295907,5.4699239287376695,0.37877201906271785,3.10892284285329,4.336562310870754,-3.4919966531075053,0
41,-2.50266960370955,-2.50266960370955,5.062907742404434,5.062907742404434,0.7306894619138546,1.4046063687276147,-0.22507857116057517,3.192073175492206,-3.4131433454547606,2
42,3.1355067070670675,3.1355067070670675,4.275305613693375,4.275305613693375,4.30758444804819,0.3284400299413679,2.769853364985766,2.61328529774528,-3.237078004123851,0
43,-2.7814600915119803,-2.7814600915119803,-2.6988793533025843,-2.6988793533025843,-2.3810995438464486,-0.1349716772053361,-3.0722721872634153,2.3282995777213342,2.980474499450479,5
44,-3.5628412560386664,-3.5628412560386664,-3.839101271631399,-3.839101271631399,-3.7048850716546116,0.09405912250250462,-3.962583955600417,3.4049539185115667,3.3967254512401786,5
45,3.3062170521049454,3.3062170521049454,-1.7520487302252736,-1.7520487302252736,-1.6734785972953277,0.43407104897695,-4.4335770901853175,3.6310854670727046,-0.2789400369516626,1
46,-3.916720389958784,-3.916720389958784,-2.9774675993307995,-2.9774675993307995,-7.340667657985818,-1.5442846840719968,-3.020709144484296,,-2.0118676883903346,3
47,0.7395364781834317,0.7395364781834317,-1.22299674955643,-1.22299674955643,-4.278081762066554,0.19969118120943188,-1.8010408012466244,4.870216506662847,-4.005231698801501,1
48,-3.36849762201953,-3.36849762201953,4.02727168682361,4.02727168682361,-1.5209066996938305,-1.4272343194596901,-1.8872450401874417,2.8361094684416868,-3.498190859238319,2
49,-4.276047288905689,-4.276047288905689,-4.62391509452941,,-5.233677770843526,-0.6664514041820176,-3.123952838757682,3.305424351347762,2.414564465899187,4
50,-4.0718147022893465,-4.0718147022893465,-3.7545122283753765,-3.7545122283753765,-8.472334996904168,0.7140925207856437,-5.0457262816372,3.772135716458336,-1.4772848972355606,3
51,2.406525828301004,2.406525828301004,2.037181521208384,2.037181521208384,2.53407975611469,0.9181470999355502,2.9891828737924744,1.287134839907836,-2.4250718267907763,0
52,,4.58923662084023,2.0215588877687027,2.0215588877687027,3.587600795300581,1.9267476150973635,2.9748272198766124,2.9355913961118225,-2.725845595329008,0
53,4.387470639674272,4.387470639674272,3.347669439324274,3.347669439324274,4.815838691723591,-0.1677638060241748,3.5431533308107164,3.7457671683409823,-3.0030914819376955,0
54,-2.5459259196868977,-2.5459259196868977,0.5972856306760828,0.5972856306760828,-6.343890758703039,0.6531669178548895,-5.726582288542353,4.847495167846649,-4.290528854308344,2
55,-2.400595073494503,-2.400595073494503,-3.1897598681559556,-3.1897598681559556,-7.149760673498335,-0.27217240490549766,-1.7087216048622489,2.450813114258126,-3.0946627078505085,3
56,0.5537376864076511,0.5537376864076511,3.4899964717777134,3.4899964717777134,2.721115857014274,-1.97986207710281,,0.7953963327339739,-2.5862315287711906,0
57,-2.036137100983759,-2.036137100983759,-1.421752245074638,-1.421752245074638,-0.8043558215074291,-1.4179477751966483,,0.6486381648742157,3.4868987654929726,5
58,-1.8147942944332391,-1.8147942944332391,3.383396615507199,3.383396615507199,-0.42442007556357053,1.0462196646884883,-3.518407100586461,5.983346359203026,-2.083191297039812,2
59,2.3620843587249074,2.3620843587249074,-2.9530991395224597,-2.9530991395224597,-6.696303944287748,-0.3092473561065722,-1.502009695999138,3.9755295450537242,-5.998411353971569,1
60,,-2.6105224480350167,-4.312275751739216,-4.312275751739216,-8.810035275735721,1.9798067713207854,-4.501623138716583,3.6184163309446915,-2.4201373199304657,3
61,,-2.07737574710732,-2.0127912173344367,-2.0127912173344367,-1.1668204964617626,0.9819435402254855,-2.1564176001216304,1.7236125225692756,2.8706186605943502,5
62,-1.9488927963917808,-1.9488927963917808,-0.9530422572127475,-0.9530422572127475,0.03062500799185308,-1.0445597090685512,-3.1352954877089436,2.210235706777425,3.531148875600803,5
63,-4.869788606089917,-4.869788606089917,,-0.40308772478906674,-6.8512752364812375,-1.7969422391918282,-2.4370971638437364,3.108183779768389,-3.9412471679716514,3
64,3.972369211404583,3.972369211404583,5.839635274326446,5.839635274326446,6.0666209767673855,0.5210658995014623,3.2572759655284527,5.808364037859533,-4.104761837226402,0
65,2.4201137162471595,2.4201137162471595,2.492336164112293,2.492336164112293,4.26766443552975,-0.07280810979004457,-2.698373643540088,-2.163993524318487,2.7608200739918427,4
66,-3.6170629215294756,-3.6170629215294756,3.1100035642380277,3.1100035642380277,-3.18105469704468,-0.39019110350200575,-3.25982283561505,2.7454426430781886,-3.578366772929184,2
67,3.857324067819394,3.857324067819394,3.3262651211311836,,6.536898023763058,-1.312188850153102,-3.556930341896665,-3.6648577272979526,4.405741556657963,4
68,0.7830288629488491,,-1.5501631844713752,-1.5501631844713752,-2.1254463655910656,1.51379185348252,-2.952204284925646,3.0738166396309143,-0.23579453695553587,1
69,-0.7090695083196992,-0.7090695083196992,-5.724505967571515,-5.724505967571515,-8.610911657009979,1.3940343817813579,-2.9057090937661867,2.8464313635231573,-2.5547741141428535,3
70,4.286376721780255,4.286376721780255,0.23343028422902723,0.23343028422902723,1.4843458722287992,-0.1759340184915438,2.359964445537526,2.915625066464294,-2.794492163067684,0
71,3.667981503502567,3.667981503502567,-2.819180399409392,-2.819180399409392,-4.790253128484878,-0.17005822922943842,-3.6231707516780407,3.6082853436279505,-3.4664930223005976,1
72,-4.226925178499086,-4.226925178499086,-4.860239639014827,-4.860239639014827,-4.531172882293589,0.1344760532017884,-5.147291268154921,5.9251549659639835,4.125431341847151,5
73,,2.4002998842983647,,-3.4861650053687994,-5.572844882043956,,-2.8260943699321373,2.287767164846369,-3.14372755612942,1
74,-3.430774311639199,-3.430774311639199,2.6849413647869516,2.6849413647869516,-3.4477105611020082,-0.8581451676416936,-3.9805946973554294,3.6743807865317573,-3.3160617266124643,2
75,2.7886651075440083,2.7886651075440083,4.441000890999981,4.441000890999981,7.115973557508072,-0.07112792867733211,-2.7619692296533653,-3.307956673122414,4.054347193581247,4
76,-2.468399641091125,-2.468399641091125,-3.112827910155862,,-8.160052566303005,,-3.1066697937752195,3.180908155523665,-3.6898593565041726,3
77,-3.4705241527875184,-3.4705241527875184,1.4266257061907133,1.4266257061907133,-4.364775782580277,0.5350454926683343,-5.019094217257775,3.091408135669807,-2.38443190959031,2
78,0.3658131398252795,,-1.6594392062887453,-1.6594392062887453,-3.8551126591496576,-0.3967779880293814,-1.4441255630584455,3.67576746720973,-2.8209653245701425,1
79,1.2744216459989823,1.2744216459989823,6.982502275868205,6.982502275868205,6.768498349074798,-2.085664766269289,0.573844406656717,-4.749357330824766,,4
80,1.8309524967761444,1.8309524967761444,,-2.509179895583741,-2.1166513377619305,1.237224216594142,-3.443530472858714,2.242178595292896,0.5688816681234252,1
81,-1.5549409483036811,-1.5549409483036811,0.8218642964587222,0.8218642964587222,-4.235201622009386,-0.6915807073734808,-5.6763371580826725,4.296213067474678,-2.571144650107518,2
82,3.1253882060846117,3.1253882060846117,-4.451339598437851,-4.451339598437851,-5.15236937693593,-0.8157007640118549,-3.5147539108091896,0.874081296672538,-1.4546348612427755,1
83,4.381190743304731,4.381190743304731,-2.6501975164558367,-2.6501975164558367,-4.0663196874263745,0.21350682749713848,-3.3775016044714454,3.9074713364471876,,1
84,2.9448347567281963,2.9448347567281963,-1.8649707921404477,-1.8649707921404477,-3.315416484061263,-1.79118075717766,-2.740950330596353,3.9887454879694775,-2.8497398355731636,1
85,-2.331109467940742,-2.331109467940742,-2.076433819682634,-2.076433819682634,-1.4942380608216246,0.41394010070641724,-1.6794726741931472,3.6303084342566714,2.133464380608039,5
86,4.881938108029425,4.881938108029425,-1.3577560932459254,-1.3577560932459254,-3.4145261935967737,-0.4758577272452898,-3.747360277316758,5.863127610459236,-4.416060950616686,1
87,5.343067096392591,5.343067096392591,1.6186122826802638,1.6186122826802638,3.869746152915447,0.829753968846582,3.2120969065085756,2.8842880460473226,-2.534375146666756,0
88,0.11918243030942177,0.11918243030942177,2.1764821221266892,2.1764821221266892,1.4109636049062728,0.02007441175579958,2.8811142302708843,0.20435666361939342,-2.3015356192099,0
89,2.556149547800575,,-3.9497317095404267,-3.9497317095404267,-6.37209824726207,-0.5499240780965403,-3.1466753667059155,2.244140038308575,-3.506211921875775,1
90,-4.868750999770427,-4.868750999770427,2.310596145973877,2.310596145973877,-3.58965886266353,0.19887596118810966,-4.105943203058185,1.7807723545376712,-1.8561229919847098,2
91,2.2567360484720647,2.2567360484720647,,,3.6280733306106816,0.28275638732311975,1.92773882250832,2.956316010522743,,0
92,-1.4138244970350726,-1.4138244970350726,2.5436175362039672,2.5436175362039672,-3.628692603066127,-1.0561912183060314,-3.270816620471902,3.8649389381740646,-4.990564057864346,2
93,-4.7202114081190745,-4.7202114081190745,-0.03707040761659597,-0.03707040761659597,-7.504264359527656,0.5464205976420873,-3.5060692821584043,3.7085158968772443,-4.707084742773087,3
94,1.865123652862803,1.865123652862803,-1.5807206794040185,-1.5807206794040185,-3.47377509738749,1.6924258717207223,-2.5601890956822095,4.587824034146992,,1
95,-2.9934359804261397,-2.9934359804261397,0.8272042506887005,0.8272042506887005,-4.242688271186418,0.40506330995143036,-5.043071694246171,1.8873969824872114,-1.679484401028429,2
96,-2.830782644015186,-2.830782644015186,-2.533156272275845,-2.533156272275845,-2.100102414114556,1.0789952030746157,-2.8835784878426263,2.883051407695737,2.9724161149443304,5
97,-3.772389070834323,-3.772389070834323,-4.028382605257075,-4.028382605257075,-4.63793304107403,1.1195002138410688,-4.239670166252525,1.6337521457770467,3.062789784474775,5
98,-0.43684920132666294,-0.43684920132666294,-4.4420101707254105,-4.4420101707254105,-7.806237679340558,1.0792519311369797,-1.3035453801179964,2.264956491862435,-3.8957632113102934,3
99,-4.713361152543369,-4.713361152543369,-1.8658977685064522,-1.8658977685064522,-7.054355475516637,1.6486527175013577,-3.235745652338185,3.1085694909488373,-2.294324946882534,3
100,-1.3037905189761336,-1.3037905189761336,-0.6212485455287253,-0.6212485455287253,0.618319019253353,-2.521316470508239,-1.1855970271792502,2.3220924085114962,2.4182998725972182,5
101,4.2466565280194875,4.2466565280194875,2.3214286389798366,2.3214286389798366,2.592827011417105,-0.630585706969696,-3.1882611229203572,-4.741694934773717,0.5732873719930094,4
102,,3.402497724249729,2.7972343135343007,2.7972343135343007,6.414335364993987,1.6511805098755536,-5.419262049061841,-2.0578903250278255,5.833185615419117,4
103,-3.5284685144664345,-3.5284685144664345,3.678825877177024,3.678825877177024,-2.527355428643957,-2.1237773134718005,-2.540656403474022,2.7903812301888427,-3.858953579779203,2
104,,2.802136886675525,2.5434479573215243,2.5434479573215243,5.001983139184713,0.2685761182914662,-4.446609933593761,-1.8573407357379996,4.237783773897083,4
105,5.397390984957793,5.397390984957793,2.1920521104349504,2.1920521104349504,4.473409510230846,-0.907230247274097,3.733119913470501,5.015210017666549,-3.0930456233895325,0
106,-2.509904248550668,-2.509904248550668,0.44671267891070965,0.44671267891070965,-4.684800625375064,-0.4803717263188407,-5.445360381591988,2.5048873737062163,-1.9681087661403738,2
107,2.1359307682163275,2.1359307682163275,5.329329918134277,5.329329918134277,7.112044079496577,-0.2752966674873388,-3.4227668355965584,-3.0157389640387815,3.805945763128351,4
108,4.3347415934570215,4.3347415934570215,-3.8745976088204817,-3.8745976088204817,-6.076839330128998,-0.9956455111739881,-3.372379799690377,2.795438152838465,-4.261921516729705,1
109,4.480644694075553,4.480644694075553,-3.586543079997013,-3.586543079997013,-4.792176326275137,-0.0631469018232134,-5.728932825186302,2.295301502279149,-1.7873571356739075,1
110,-2.768398683684371,-2.768398683684371,2.2840301197888597,2.2840301197888597,-2.909408194358578,0.12375901526801536,-5.587214345682307,5.827100705832966,-2.1366274486308527,2
111,4.217580184903493,4.217580184903493,-3.481921059229302,-3.481921059229302,-6.5527927639982835,1.4489142376370387,-2.5829272464978357,3.661679620081381,-5.736033413944687,1
112,0.7579203487162722,0.7579203487162722,5.239564828581754,5.239564828581754,3.238755730579163,0.10577673592950702,,3.8520355381503,-3.9976688113055645,0
113,2.790272014011114,2.790272014011114,2.4119619573836917,2.4119619573836917,3.1929726368259828,1.5058921215148966,3.144798367768742,1.9428727332317952,-2.4651886547772865,0
114,,-1.4538291660241378,-4.181658052076365,-4.181658052076365,-6.66958423942588,-0.4532440697210884,-0.715131081681255,1.9162454753966371,-2.490567402288342,3
115,-3.613101513502911,-3.613101513502911,2.0841399563964798,2.0841399563964798,-4.007547602492965,0.7444725213660426,-2.9631358238537002,1.6636245460213044,-3.451037328469562,2
116,2.349855679242002,2.349855679242002,3.4216985401484994,3.4216985401484994,5.115831034570762,0.6092489655935902,-3.050841946715235,,3.0574443466396173,4
117,1.1565085023528077,1.1565085023528077,3.6172605892534033,3.6172605892534033,5.064461143088267,-0.1000630799414509,-2.3573595753025343,-1.3686362790108282,2.9437885625755245,5
118,2.0072512629712955,2.0072512629712955,2.754295209242953,2.754295209242953,3.371108870555132,0.18522546554632083,-2.5175788135382935,-2.2236955768995523,1.585605114072928,4
119,-3.4411126904947347,-3.4411126904947347,-1.9843441034392613,-1.9843441034392613,-7.042738278689393,-2.1985552814437863,-1.55147562510513,2.2786360531090315,-3.6834095453503086,3
120,4.041590684816532,,3.3368722015449164,3.3368722015449164,4.317035504352017,-1.2996691383656018,3.4023985069739155,4.75149803932368,-3.462234246846176,0
121,0.8991820165433002,0.8991820165433002,-3.6591093843025733,-3.6591093843025733,-7.7924201035636855,1.3374991233505273,-2.5269188042673143,2.764079743981731,,1
122,-4.309011620056388,-4.309011620056388,-4.6499345630600075,-4.6499345630600075,,-0.7171089615127139,-2.7467898885186375,3.4655888930866277,2.211291681173252,5
123,-2.6182180918210514,-2.6182180918210514,-2.4945277392100698,,-2.0686454819090927,-0.45791359498098044,-2.1476885099940093,2.6935906831540475,2.4762555145723626,5
124,-3.8383092261441103,-3.8383092261441103,3.416070471395973,3.416070471395973,-3.389434043889288,0.09776630806400231,-1.971194663390493,2.3031994459072385,-4.6393381462167085,2
125,-2.2551128356187844,-2.2551128356187844,-3.0956625217551963,-3.0956625217551963,-7.348476363963014,-1.7401284387393403,-2.155112153937934,2.489376489139886,-3.2797775618836806,3
126,-3.0389787151096805,-3.0389787151096805,-2.2928169079269116,-2.2928169079269116,-8.022962415914048,-1.6687474994794926,-3.272594895097642,3.157438739311395,-3.964176472895153,3
127,-2.2716443186832835,-2.2716443186832835,-2.8842581314789957,-2.8842581314789957,-7.05983901796175,1.1005464674521934,-1.5240039524854705,2.7452240423633136,-3.536491726225255,3
128,-4.590504578527893,-4.590504578527893,-4.8695065569030085,-4.8695065569030085,-5.551176142350271,1.5395876982418955,-5.0941096688815595,3.5820473769061327,3.50546225503878,5
129,-0.44093699569053646,-0.44093699569053646,-5.3182878226771875,-5.3182878226771875,-7.6283045016324165,-2.1813490836128606,-1.3053228670572183,2.157101735127298,-2.738160214913219,3
130,2.994497653596294,2.994497653596294,3.9814556786481017,3.9814556786481017,3.3563299501391555,-1.88163985405269,2.2257472674798437,4.524585323309164,-3.981375171460457,0
131,-3.2256573318818713,-3.2256573318818713,4.185560294624992,4.185560294624992,-2.424691791794256,0.12042707061953975,-1.1717205933960475,1.8117163020917173,-5.03259697148663,2
132,2.5449971605069788,2.5449971605069788,-2.2792936614906787,-2.2792936614906787,-5.633782409983415,-0.2915009217367206,-2.49496347911359,4.331110173215379,-5.091571854102835,1
133,-4.328303920879029,-4.328303920879029,,-4.514231973404118,-5.17416045873591,0.12018154969152915,-4.70437893889312,1.8159638195440932,3.4965656703155266,5
134,-3.030792136630876,-3.030792136630876,-2.741214223601542,-2.741214223601542,-2.7043141335650684,-1.07642137332228,-2.6112456838174087,2.5135438904654244,,5
135,-5.1432081766863025,-5.1432081766863025,,3.4663037473725398,-3.1483287726884432,-0.8006703852445314,-2.5316648089441713,1.6646611477567146,-3.2274022623722787,2
136,-0.05294252259513721,-0.05294252259513721,3.976090199608529,3.976090199608529,3.079990848071284,2.541732732411647,-1.0815743307016743,2.9020911375530996,-0.44190402836872966,2
137,3.8402944651940727,3.8402944651940727,3.1250374655717414,3.1250374655717414,4.6572394827883405,,3.6354079764578975,3.6996316438812666,-2.6717931965876534,0
138,5.388171635885776,5.388171635885776,0.7820370059912585,0.7820370059912585,3.123556690595409,0.576133833577111,3.3127447196829145,4.676509959957168,-2.9020471546698574,0
139,-2.952261289849387,-2.952261289849387,-3.223146232009793,-3.223146232009793,,-0.6941021892696966,-2.5403576891302992,3.6129678963590823,2.705151992183396,5
140,3.06166844183238,3.06166844183238,2.284286568382957,2.284286568382957,3.0416218450337755,0.383903367369821,3.2908384299928817,3.2430243680065653,-2.9609985458026493,0
141,-4.010787146447737,-4.010787146447737,2.3063278898396904,2.3063278898396904,-3.3368767260795282,-0.09168511190513517,-4.49222266151882,3.339387544666074,-2.109870049212936,2
142,5.554321431934916,5.554321431934916,1.6226719746055918,1.6226719746055918,3.5266643099033685,0.793416719856406,,4.3122965965404685,-3.078825274585596,0
143,-1.5934261633154483,-1.5934261633154483,2.8387893129566164,2.8387893129566164,0.23888655953540439,-0.34761954760082225,-3.0146887468556107,4.401340762918963,-0.8704724312493681,2
144,,,-3.1722447904005744,-3.1722447904005744,-6.98269725187468,-0.2755098230598941,-2.2926041374207036,3.240027985822773,-5.036920137721765,1
145,3.7964515872743094,3.7964515872743094,4.909785566911118,4.909785566911118,,-1.437477699692153,-2.816267538026249,-4.338547726384929,5.382517267477905,4
146,2.849542940570219,2.849542940570219,-3.1882093128914466,-3.1882093128914466,-4.393173824450287,-2.387636429480064,-3.0328798165954383,2.7004190084157678,-2.2930687915055397,1
147,-3.0235169060914386,-3.0235169060914386,-3.060750577858653,-3.060750577858653,-2.426741915921106,-0.4369433845536433,-4.414329637359963,3.600862511986791,3.96927422758242,5
148,-1.737249404639916,-1.737249404639916,2.0512955862904327,2.0512955862904327,-4.300960371255294,-0.026270194135288177,-2.04136982260568,2.0090330267668444,-5.428709839885615,2
149,-4.966955005653287,-4.966955005653287,-1.1305971695073724,-1.1305971695073724,-8.315597096556948,-1.4260874246077235,-4.634984608542215,4.047820782325909,-3.804779501182424,3
150,5.511064170904483,5.511064170904483,0.9723865083522196,0.9723865083522196,2.801348659957894,-0.1769371310534438,2.4286155315708573,2.8454965158581205,-2.7785000609737414,0
151,,-2.3397765740471685,-5.32300668161699,-5.32300668161699,-8.930919599013741,0.6915180707969364,-4.5505808499038665,3.1173071120209346,-1.5451669713197973,3
152,-2.097269201164801,-2.097269201164801,-1.4877296175103303,-1.4877296175103303,-0.7649692393381871,-1.4891435977985357,-2.7677128377595315,1.0535377030045077,3.2395379220088003,5
153,2.121725096596749,,4.620112346096156,4.620112346096156,4.422829619444312,-0.915576880162862,-1.4209638979925014,-3.9549256309418483,0.4729596524404456,4
154,-3.255936159984962,-3.255936159984962,-3.2923653844821255,-3.2923653844821255,-2.9526640554816455,0.22989311650890257,-2.9859178453334896,3.9915368989536026,2.8982417732596164,5
155,-3.522392369795206,-3.522392369795206,-3.5089108727468625,-3.5089108727468625,-4.029363103346256,1.2716638091369838,-3.8592807361829413,0.2260347616909204,3.106290164867764,5
156,3.3331352076559377,3.3331352076559377,4.71290026978789,4.71290026978789,4.015823386904417,1.736479024746291,1.861218743190969,3.321325870244307,-3.7861969718081103,0
157,-3.6478992651119277,-3.6478992651119277,-3.649477569319574,,-3.907123095125203,0.2928880902411182,-4.147174617658569,2.271804114237766,3.293740012425447,5
158,4.124102030667557,4.124102030667557,0.7173527251562888,0.7173527251562888,3.7232927471547184,-1.0663443867489577,,-2.6213376077951533,3.7139091658860353,4
159,1.2144548644129567,1.2144548644129567,-3.8196106888772547,-3.8196106888772547,-5.263741405114378,-0.4388163408613247,-2.370973805658011,0.9733589330006271,-1.75396883879377,1
160,-3.1187517781296297,-3.1187517781296297,-2.6842736598205468,-2.6842736598205468,-7.296956621222753,1.7059282463169725,-2.7154439288086474,2.7545084385603373,-2.8829563634608997,3
161,2.439670097807756,2.439670097807756,-2.9238802195584754,-2.9238802195584754,-4.388143466446288,0.1927270334140858,-3.392140732744904,2.5537882220304735,-2.1057001632168095,1
162,,6.262182309527299,-2.654572996431379,-2.654572996431379,-2.2905121165445133,-0.9043481929782187,-4.914459627018347,3.807172936019243,,1
163,2.5770147086806436,2.5770147086806436,-2.605555781917226,-2.605555781917226,-4.059314048380214,-0.6025582491132335,-2.7492794913758285,3.3384762863528046,-2.6124796550602203,1
164,2.5465890128705997,2.5465890128705997,-4.39283365094261,,-4.74189236088696,0.30866882188650463,-2.9325159513417196,0.32180636220749914,-0.9138583874169544,1
165,2.540610372126331,2.540610372126331,1.6002697409931472,1.6002697409931472,2.2734826647239847,0.6994703937705452,-3.6781316119587726,-1.905100012189551,1.7725888386784454,4
166,-3.4118754132602995,-3.4118754132602995,3.2741160141727392,3.2741160141727392,-2.0242878403997837,-0.8840238972674569,-3.2704738897107823,3.1620012099110224,-2.5747604305436775,2
167,4.1005267406752575,4.1005267406752575,-2.724918965612302,-2.724918965612302,-4.5613525927240435,0.5477280486399188,,4.077312329187575,-3.5034414659499387,1
168,-2.8000811868598334,-2.8000811868598334,-2.56246342917535,,-2.0207709173425297,-0.11111822729308249,-4.530895641120754,1.5960767998207628,4.1785225243563,5
169,2.189736045668873,2.189736045668873,-2.877494521605467,-2.877494521605467,-3.2807439985284015,2.0819385111879996,-2.2651650026852033,2.3504262770553117,-1.2781591099766014,1
170,-2.0463673686063926,-2.0463673686063926,-2.073587075858497,-2.073587075858497,-1.2242100327388812,0.2876879332434472,-3.7533722819777102,1.9048949278468523,3.681322721258541,5
171,,3.8725269111571294,0.66051344446619,0.66051344446619,1.2419523119041211,-0.41240783055897673,1.9456648255776003,2.8648458871731544,-3.054156461154834,0
172,2.1105851034216334,2.1105851034216334,-3.8531356435120623,-3.8531356435120623,-7.577258324924348,0.21880051727427946,-1.1422704774756787,2.899476906138126,-5.951719737372615,1
173,-4.213293658528099,-4.213293658528099,0.385099768562684,0.385099768562684,-6.334640153532861,1.4848812014231647,-6.57966122530083,3.9587764398667895,-2.459849503818645,2
174,-3.1802239444464804,-3.1802239444464804,-3.212961771123797,-3.212961771123797,-3.106631936582249,-0.9336695298338502,-3.557509900488678,2.9517699061049463,3.0669016940633016,5
175,4.713808948480067,4.713808948480067,1.05609642988584,1.05609642988584,4.9827364587462615,0.40040248718917165,-4.628472364112722,-2.992076274261811,,4
176,2.6126038258118913,2.6126038258118913,4.6034628122381855,4.6034628122381855,6.29666459180658,,-2.044871044963342,-3.7317487157784766,2.7049565595171994,4
177,-2.499328814284851,-2.499328814284851,3.1981532150867693,3.1981532150867693,-2.4843123303629873,-0.6841303790359436,,2.799190179657346,-4.112850158376029,2
178,,5.1616360032700115,5.3291955732030285,5.3291955732030285,7.016397360300802,0.969758119454112,3.8586696624114745,6.2242147956767155,-3.5451940727450295,0
179,4.839863557745606,4.839863557745606,-4.330876623265812,-4.330876623265812,-4.9775062834854396,-2.443680225786038,,,,1
180,4.576862008454972,4.576862008454972,0.7970409151859053,0.7970409151859053,3.3619139891518617,-0.5135891855907849,4.104896306526951,3.339638314074275,-2.364690396198362,0
181,-3.1376448480493213,-3.1376448480493213,-4.7258149931973,-4.7258149931973,-9.187590748098314,0.5616934564524894,-5.483362852951702,4.003081648682218,-1.647272654048254,3
182,-4.232210864816883,-4.232210864816883,-1.688625416155378,-1.688625416155378,-7.909085168892149,0.37838280387242673,-4.024293588117478,3.302515786609833,-3.3794473032759154,3
183,-3.059230043424737,-3.059230043424737,-2.860654525001653,-2.860654525001653,-6.861638512099429,-0.2528240730013084,-1.391956638677963,2.4391529242615393,-2.8820610067445105,3
184,-2.5327858972014683,-2.5327858972014683,-3.1002168440530258,-3.1002168440530258,-7.336282458012761,,-2.029019239979547,3.112243926577362,-3.265921230876387,3
185,0.6770016393324076,0.6770016393324076,,-3.87386428125326,-6.148860260887699,1.391770085525606,-0.821019138928909,1.1321951528861667,-3.2820710639623685,1
186,4.745843037051609,4.745843037051609,2.2994930423112456,2.2994930423112456,4.137299261492807,-1.702026074130472,3.590831160706014,4.110437499241808,-2.990762463515995,0
187,-3.266015108047101,-3.266015108047101,-3.5606225697659277,-3.5606225697659277,-3.2116070511894326,1.0363689247690147,-2.514897263136876,3.8818060763689735,2.6470081233035545,5
188,3.765971951060929,3.765971951060929,4.778767199742695,4.778767199742695,8.710429689945073,-0.7595253137451157,-2.7748985642438733,-4.305385138111231,5.164026047060523,4
189,4.448482134365557,4.448482134365557,2.02328983614625,2.02328983614625,4.116854623421095,0.42554811248793223,-5.498913142597942,-3.4900061755446012,3.604956280011037,4
190,1.6139952328172702,1.6139952328172702,3.831974127763214,3.831974127763214,4.553279726787338,0.013461996224691452,-2.0787147671733353,-2.3882462362134396,1.860106864113323,4
191,-2.716240242276089,-2.716240242276089,2.128869111119295,2.128869111119295,-4.733701857457179,1.0861820907479427,-2.6317741953897564,2.0538371534270006,-5.1278934872978565,2
192,3.987809632439741,3.987809632439741,3.011513288828583,3.011513288828583,4.099074292199416,0.7411565373284064,3.2745270014329133,4.526338115814761,-3.2367154870334964,0
193,2.0447400161329807,2.0447400161329807,3.6608323338266855,,5.378990826174369,-0.6708286761650817,-1.3267611132174164,-2.764237830893169,2.413110456100818,4
194,-1.1109177722071284,-1.1109177722071284,-3.824077276250457,,-7.580129808496749,0.8408116456301737,-1.600245566494238,2.205156780412246,-3.713562635475533,3
195,-3.606007156098364,-3.606007156098364,-1.0586897236243575,-1.0586897236243575,-7.416936512521569,0.9018729567910105,-2.8010125478939454,3.089915258300958,-4.463742026632728,3
196,-2.8144830987127887,-2.8144830987127887,-3.0095422235614775,-3.0095422235614775,-2.0227190722016855,-0.16071764728273982,-4.532223931947781,3.8998726680856204,4.281254895507429,5
197,2.8729797241010475,2.8729797241010475,-2.832208925820098,-2.832208925820098,-4.479872464212338,-0.6988441015274719,-1.9041919001869503,3.406939686718688,-3.5106213785708094,1
198,1.7165230952801107,1.7165230952801107,2.515315585007591,2.515315585007591,2.0496556646673922,-0.09206034978173915,2.278695775602015,0.9188693158727927,-2.647892686831067,0
199,4.456055125157101,4.456055125157101,-2.739070991271954,-2.739070991271954,-3.729572256934962,0.16701135459197777,,3.4635873476709573,-2.6145308445889848,1
200,-2.7135531674140982,-2.7135531674140982,3.1119296548922804,3.1119296548922804,-3.375530445161134,0.6397912990372975,-3.0121355460788912,2.687155877351685,-4.4695124954738095,2
201,2.2113221084453136,2.2113221084453136,3.237438397064823,3.237438397064823,4.037920626810086,-1.4705662651812028,-2.2302356999899766,-2.7657085842069273,1.6717974921835024,4
202,-2.623548141008946,-2.623548141008946,-1.8265443633945255,-1.8265443633945255,-1.6064028734272024,0.8470395664263812,-4.050702855309173,-0.3964932356832249,3.849937003750904,5
203,-3.0411585869484767,-3.0411585869484767,4.190285733870347,4.190285733870347,-0.5041645037579792,0.6597335354888092,-2.2241161493860226,2.8412515947161494,-2.487237801683852,2
204,-0.9671493572609506,,-0.3889273114215901,-0.3889273114215901,1.4887399992134933,-1.0578839315742699,-4.282966321936657,2.5012002842573833,4.639771997387349,5
205,3.5593066317804904,3.5593066317804904,2.520288127835607,2.520288127835607,3.5851134756595355,0.49882705346443784,-1.3296328511925513,-4.3075081421471895,0.8642127625755349,4
206,-3.31972245485511,-3.31972245485511,-1.156297158582608,-1.156297158582608,-6.310869711879725,-0.30273583148448935,-0.9035580573326034,2.2143131671740304,-4.109372948324501,3
207,2.0665763342508146,2.0665763342508146,3.105610020887838,3.105610020887838,4.199652871741746,2.644631573398952,-2.4151189879789934,-2.3350549295895036,2.116781441947782,4
208,2.2165762323694786,2.2165762323694786,2.125665658248919,2.125665658248919,2.517341273242086,,2.9627764504352574,1.4566528488836474,-2.4391977854505407,0
209,3.2671304933269063,,1.518367019454848,1.518367019454848,2.246087693157273,0.300316207040287,2.6002418384769674,1.3717941420274034,-2.5296271395854113,0
210,1.0421523384878038,1.0421523384878038,4.390912733220441,4.390912733220441,4.11243217549614,1.6057532078354018,-2.0942224828798905,-2.2776787073851166,1.0794219396818738,4
211,-3.1117273878408525,-3.1117273878408525,-3.2458212084527203,-3.2458212084527203,-2.5448656195187844,-0.5353495259427584,-3.1354914462548114,4.993676032073965,3.160019842000911,5
212,3.9436759195793134,3.9436759195793134,3.0379350434992243,3.0379350434992243,3.8774041671838204,0.39748899872244303,2.995868311759205,4.198557166648598,-3.295287284630175,0
213,3.1847095823682303,3.1847095823682303,-2.239963575824857,-2.239963575824857,-4.507137410437849,0.17538170456474766,-3.1682218337337473,4.1335643607792,-3.7909753627758827,1
214,3.2602524359422906,3.2602524359422906,4.66965579731984,4.66965579731984,6.9910682820955605,-1.5317137708585056,-2.398789817014446,-4.263576330023762,3.346065404615973,4
215,-4.09685655455442,-4.09685655455442,-1.7771354750101611,-1.7771354750101611,-8.142609792872172,-0.4278642360693616,-4.310125981335132,3.510175168712847,-3.5206722622313906,3
216,-3.465187618660151,-3.465187618660151,2.6204769105484234,2.6204769105484234,-3.5218185362661263,0.5097099974414927,-2.482402815457391,0.34385621185884174,-3.577956547023846,2
217,5.51193919394786,5.51193919394786,1.1307962525828612,1.1307962525828612,3.556161292517786,1.0122209055640776,3.570377883913201,5.083086044863925,-3.0409765850929,0
218,1.2401076186815878,1.2401076186815878,-2.3487176016704354,-2.3487176016704354,-3.852101687646596,0.4310879510971793,-1.0754334435554993,2.939876466264136,-2.6853759623552644,1
219,-3.2246088005063505,-3.2246088005063505,-4.449667711726377,-4.449667711726377,-8.442409886810907,0.5648720378881926,-4.63106802855906,3.4174482898661602,-1.3749655457386964,3
220,-2.2505572476473636,-2.2505572476473636,-3.2909566765997766,-3.2909566765997766,-7.65087864965446,-0.7636278274388831,-2.23996901897224,2.654428468545083,-3.412986266193,3
221,-2.5979106931243043,-2.5979106931243043,-3.987888357942174,-3.987888357942174,-8.924169294776178,1.2271252032661972,-4.916351889627757,3.806384984177543,-2.712083108306004,3
222,-2.71513221716029,-2.71513221716029,2.5927852479610376,2.5927852479610376,-2.0843718487042,-0.2345880474702992,-4.393303963617956,4.81453835218201,-2.0025215420333917,2
223,-3.3312294756518415,-3.3312294756518415,5.347314634102591,5.347314634102591,0.3926535331655634,-1.1021180028583228,-1.3102798350892473,3.388527677800882,-3.0667067571047615,2
224,2.982672630020087,2.982672630020087,2.237143705091891,2.237143705091891,5.181548846735893,0.016760258997998285,-3.6481149395084187,-2.0558936884794887,4.267591524771317,4
225,-3.60436927077357,-3.60436927077357,-0.6657072472695909,-0.6657072472695909,-6.790149026256111,-1.997014960916386,-1.499067129774389,2.5815279364915864,-4.76232612398581,3
226,4.857152783540439,4.857152783540439,0.10763963145128974,0.10763963145128974,1.7120294981753446,,2.6219739261744497,3.7172036730561477,-3.0047736734924637,0
227,-5.0182724343655,-5.0182724343655,-5.77259708729135,-5.77259708729135,-6.612364231266779,-0.07369622177018914,-6.4107272293615605,2.8913100513211996,4.289612740060949,5
228,-1.1980288295597692,-1.1980288295597692,3.240272745798084,3.240272745798084,-0.37196967457131835,-1.7348358391871235,-2.4046400407450035,,-2.4863629183194536,2
229,1.7594626930257022,1.7594626930257022,4.352303661467416,4.352303661467416,4.667286450200345,0.3722582580380398,-2.088885124143874,-2.970120359064143,,4
